Gene name	genomicHGVS
PLP1	g.103041656G>A
MFSD8	g.128859994C>T
CEP290	g.88512260C>T
PNKP	g.50365794C>A
ALDH7A1	g.125885616_125885617insCAAAGGCACCTCCAAAGGAG
ALDH7A1	g.125885616_125885617insCAAAGGCACCTCCAAAGGAG
D2HGDH	g.242689707A>G
NIPBL	g.37010186A>G
SCN1A	g.166854685C>A
SCN1A	g.166895930T>A
PLA2G6	g.38528838C>T
DYSF	g.71908130G>C
SIGMAR1	g.34635855C>T
ALS2	g.202590081G>A
SGCG	g.23808851G>A
CAPN3	g.42682142G>A
FKTN	g.108358943G>A
CHRNE	g.4802186delC
SIGMAR1	g.34635855C>T
LAMA2	g.129826501G>A
WFS1	g.6293725_6293726delGT
TPP1	g.6640154G>C
LAMA2	g.129470122A>G
LAMA2	g.129622017G>A
APTX	g.32973652T>C
ATM	g.108165787G>A
CYP27A1	g.219677145G>A
DYSF	g.71762443dupT
SGCE	g.94252632C>T
PAH	g.103288698T>C
RYR1	g.38974156G>A
RYR1	g.39013851C>G
ERCC8	g.60224685_60224688delACTT
PEX1	g.92146585C>T
BRCA1	g.41226348C>G
PDHA1	g.19377576_19377599del
AIRE	g.45709952G>A
ATP7B	g.52539170C>G
ATP8A2	g.26434941G>A
RYR1	g.38974156G>A
RYR1	g.39013851C>G
SLC25A22	g.792141C>G
BRCA1	g.41226348C>G
PDHA1	g.19377576_19377599del
COL6A1	g.47402675C>T
TNNT1	g.55645433C>T
